INSERT INTO supermarket (name) VALUES
('Migros'),
('Coop'),
('Lidl'),
('Aldi'),
('Denner'),
('Manor');

INSERT INTO product (ean, name, brand, quantity, unit) VALUES
('7613035331123', 'Chocolat au lait', 'Cailler', 100, 'g'),
('7613404112345', 'Café moulu', 'Mövenpick', 250, 'g'),
('7611612234567', 'Fromage Gruyère', 'Emmi', 200, 'g'),
('7619999001122', 'Yaourt nature', 'Migros', 180, 'g'),
('7612345098765', 'Pain complet tranché', 'Coop', 500, 'g'),
('7613222112345', 'Lait entier', 'Elsa', 1, 'L'),
('7613000456123', 'Eau minérale', 'Valser', 1500, 'ml'),
('7613200112345', 'Riz basmati', 'Reismühle Brunnen', 1000, 'g'),
('7613100890123', 'Pâtes penne', 'Barilla', 500, 'g'),
('7613033300111', 'Jambon cru', 'Micarna', 120, 'g'),
('7613044567890', 'Filets de poulet', 'Bell', 400, 'g'),
('7613111000223', 'Pommes de terre', 'Bio Suisse', 2000, 'g'),
('7613300112233', 'Carottes', 'Terroir', 1000, 'g'),
('7613000987654', 'Pommes Gala', 'Migros Sélection', 1000, 'g'),
('7613066111222', 'Beurre doux', 'Floralp', 250, 'g'),
('7613022123456', 'Moutarde douce', 'Thomy', 300, 'g'),
('7613119998877', 'Cornichons suisses', 'Hugli', 370, 'g'),
('7613000654321', 'Œufs de poules élevées en plein air', 'Coop Naturaplan', 6, 'pcs'),
('7613344000123', 'Farine blanche', 'Mühle', 1000, 'g'),
('7613333000112', 'Sucre cristallisé', 'Aproz', 1000, 'g'),
('7613222999988', 'Sel de cuisine', 'Sel des Alpes', 500, 'g'),
('7613011122334', 'Huile de tournesol', 'Huilor', 1000, 'ml'),
('7613456000123', 'Confiture de fraises', 'Hero', 250, 'g'),
('7613500998876', 'Céréales au chocolat', 'Nestlé', 375, 'g'),
('7613600112234', 'Lait d’avoine', 'Alnatura', 1, 'L'),
('7613700223345', 'Tofu nature', 'Taifun', 200, 'g'),
('7613800334455', 'Légumes surgelés', 'Findus', 750, 'g'),
('7613900445566', 'Pizza Margherita', 'Buitoni', 350, 'g'),
('7614000556677', 'Rösti suisse', 'Betty Bossi', 500, 'g'),
('7614100667788', 'Glace vanille', 'Lusso', 500, 'ml');

INSERT INTO observation (supermarket_name, product_ean, price, date) VALUES
 ('Manor', '7613035331123', 7.52, '2025-02-01'),
 ('Manor', '7613035331123', 7.3, '2025-03-03'),
 ('Manor', '7613035331123', 7.06, '2025-04-02'),
 ('Manor', '7613035331123', 7.2, '2025-05-02'),
 ('Manor', '7613035331123', 7.23, '2025-06-01'),
 ('Migros', '7613035331123', 7.72, '2025-02-01'),
 ('Migros', '7613035331123', 7.44, '2025-03-03'),
 ('Migros', '7613035331123', 7.2, '2025-04-02'),
 ('Migros', '7613035331123', 7.04, '2025-05-02'),
 ('Migros', '7613035331123', 7.1, '2025-06-01'),
 ('Denner', '7613035331123', 7.71, '2025-02-01'),
 ('Denner', '7613035331123', 7.84, '2025-03-03'),
 ('Denner', '7613035331123', 7.96, '2025-04-02'),
 ('Denner', '7613035331123', 7.91, '2025-05-02'),
 ('Denner', '7613035331123', 7.88, '2025-06-01'),
 ('Lidl', '7613404112345', 7.18, '2025-02-01'),
 ('Lidl', '7613404112345', 6.97, '2025-03-03'),
 ('Lidl', '7613404112345', 7.24, '2025-04-02'),
 ('Lidl', '7613404112345', 7.14, '2025-05-02'),
 ('Lidl', '7613404112345', 6.9, '2025-06-01'),
 ('Migros', '7613404112345', 7.04, '2025-02-01'),
 ('Migros', '7613404112345', 7.25, '2025-03-03'),
 ('Migros', '7613404112345', 7.31, '2025-04-02'),
 ('Migros', '7613404112345', 7.49, '2025-05-02'),
 ('Migros', '7613404112345', 7.63, '2025-06-01'),
 ('Coop', '7613404112345', 7.3, '2025-02-01'),
 ('Coop', '7613404112345', 7.58, '2025-03-03'),
 ('Coop', '7613404112345', 7.51, '2025-04-02'),
 ('Coop', '7613404112345', 7.54, '2025-05-02'),
 ('Coop', '7613404112345', 7.74, '2025-06-01'),
 ('Denner', '7611612234567', 7.07, '2025-02-01'),
 ('Denner', '7611612234567', 6.91, '2025-03-03'),
 ('Denner', '7611612234567', 6.78, '2025-04-02'),
 ('Denner', '7611612234567', 6.53, '2025-05-02'),
 ('Denner', '7611612234567', 6.37, '2025-06-01'),
 ('Lidl', '7611612234567', 7.1, '2025-02-01'),
 ('Lidl', '7611612234567', 6.97, '2025-03-03'),
 ('Lidl', '7611612234567', 7.05, '2025-04-02'),
 ('Lidl', '7611612234567', 6.97, '2025-05-02'),
 ('Lidl', '7611612234567', 6.89, '2025-06-01'),
 ('Coop', '7611612234567', 7.17, '2025-02-01'),
 ('Coop', '7611612234567', 7.03, '2025-03-03'),
 ('Coop', '7611612234567', 7.29, '2025-04-02'),
 ('Coop', '7611612234567', 7.38, '2025-05-02'),
 ('Coop', '7611612234567', 7.45, '2025-06-01'),
 ('Coop', '7619999001122', 2.4, '2025-02-01'),
 ('Coop', '7619999001122', 2.69, '2025-03-03'),
 ('Coop', '7619999001122', 2.77, '2025-04-02'),
 ('Coop', '7619999001122', 2.8, '2025-05-02'),
 ('Coop', '7619999001122', 2.91, '2025-06-01'),
 ('Denner', '7619999001122', 2.68, '2025-02-01'),
 ('Denner', '7619999001122', 2.85, '2025-03-03'),
 ('Denner', '7619999001122', 2.69, '2025-04-02'),
 ('Denner', '7619999001122', 2.41, '2025-05-02'),
 ('Denner', '7619999001122', 2.3, '2025-06-01'),
 ('Manor', '7619999001122', 2.33, '2025-02-01'),
 ('Manor', '7619999001122', 2.16, '2025-03-03'),
 ('Manor', '7619999001122', 2.43, '2025-04-02'),
 ('Manor', '7619999001122', 2.66, '2025-05-02'),
 ('Manor', '7619999001122', 2.55, '2025-06-01'),
 ('Manor', '7612345098765', 9.05, '2025-02-01'),
 ('Manor', '7612345098765', 8.84, '2025-03-03'),
 ('Manor', '7612345098765', 8.62, '2025-04-02'),
 ('Manor', '7612345098765', 8.77, '2025-05-02'),
 ('Manor', '7612345098765', 8.79, '2025-06-01'),
 ('Aldi', '7612345098765', 9.11, '2025-02-01'),
 ('Aldi', '7612345098765', 9.07, '2025-03-03'),
 ('Aldi', '7612345098765', 9.12, '2025-04-02'),
 ('Aldi', '7612345098765', 9.04, '2025-05-02'),
 ('Aldi', '7612345098765', 9.34, '2025-06-01'),
 ('Denner', '7612345098765', 8.74, '2025-02-01'),
 ('Denner', '7612345098765', 8.74, '2025-03-03'),
 ('Denner', '7612345098765', 8.89, '2025-04-02'),
 ('Denner', '7612345098765', 9.11, '2025-05-02'),
 ('Denner', '7612345098765', 8.9, '2025-06-01'),
 ('Coop', '7613222112345', 4.52, '2025-02-01'),
 ('Coop', '7613222112345', 4.5, '2025-03-03'),
 ('Coop', '7613222112345', 4.35, '2025-04-02'),
 ('Coop', '7613222112345', 4.38, '2025-05-02'),
 ('Coop', '7613222112345', 4.65, '2025-06-01'),
 ('Aldi', '7613222112345', 4.57, '2025-02-01'),
 ('Aldi', '7613222112345', 4.34, '2025-03-03'),
 ('Aldi', '7613222112345', 4.57, '2025-04-02'),
 ('Aldi', '7613222112345', 4.72, '2025-05-02'),
 ('Aldi', '7613222112345', 4.88, '2025-06-01'),
 ('Migros', '7613222112345', 4.36, '2025-02-01'),
 ('Migros', '7613222112345', 4.24, '2025-03-03'),
 ('Migros', '7613222112345', 4.03, '2025-04-02'),
 ('Migros', '7613222112345', 3.73, '2025-05-02'),
 ('Migros', '7613222112345', 3.86, '2025-06-01'),
 ('Manor', '7613000456123', 5.33, '2025-02-01'),
 ('Manor', '7613000456123', 5.41, '2025-03-03'),
 ('Manor', '7613000456123', 5.62, '2025-04-02'),
 ('Manor', '7613000456123', 5.62, '2025-05-02'),
 ('Manor', '7613000456123', 5.44, '2025-06-01'),
 ('Lidl', '7613000456123', 5.49, '2025-02-01'),
 ('Lidl', '7613000456123', 5.29, '2025-03-03'),
 ('Lidl', '7613000456123', 5.56, '2025-04-02'),
 ('Lidl', '7613000456123', 5.81, '2025-05-02'),
 ('Lidl', '7613000456123', 6.06, '2025-06-01'),
 ('Coop', '7613000456123', 5.63, '2025-02-01'),
 ('Coop', '7613000456123', 5.62, '2025-03-03'),
 ('Coop', '7613000456123', 5.39, '2025-04-02'),
 ('Coop', '7613000456123', 5.31, '2025-05-02'),
 ('Coop', '7613000456123', 5.6, '2025-06-01'),
 ('Lidl', '7613200112345', 3.21, '2025-02-01'),
 ('Lidl', '7613200112345', 2.96, '2025-03-03'),
 ('Lidl', '7613200112345', 3.1, '2025-04-02'),
 ('Lidl', '7613200112345', 3.29, '2025-05-02'),
 ('Lidl', '7613200112345', 3.58, '2025-06-01'),
 ('Coop', '7613200112345', 3.19, '2025-02-01'),
 ('Coop', '7613200112345', 2.97, '2025-03-03'),
 ('Coop', '7613200112345', 3.07, '2025-04-02'),
 ('Coop', '7613200112345', 3.34, '2025-05-02'),
 ('Coop', '7613200112345', 3.14, '2025-06-01'),
 ('Migros', '7613200112345', 3.19, '2025-02-01'),
 ('Migros', '7613200112345', 3.25, '2025-03-03'),
 ('Migros', '7613200112345', 3.53, '2025-04-02'),
 ('Migros', '7613200112345', 3.79, '2025-05-02'),
 ('Migros', '7613200112345', 3.94, '2025-06-01'),
 ('Manor', '7613100890123', 4.69, '2025-02-01'),
 ('Manor', '7613100890123', 4.61, '2025-03-03'),
 ('Manor', '7613100890123', 4.85, '2025-04-02'),
 ('Manor', '7613100890123', 4.82, '2025-05-02'),
 ('Manor', '7613100890123', 4.67, '2025-06-01'),
 ('Coop', '7613100890123', 4.33, '2025-02-01'),
 ('Coop', '7613100890123', 4.04, '2025-03-03'),
 ('Coop', '7613100890123', 4.07, '2025-04-02'),
 ('Coop', '7613100890123', 4.12, '2025-05-02'),
 ('Coop', '7613100890123', 3.82, '2025-06-01'),
 ('Lidl', '7613100890123', 4.71, '2025-02-01'),
 ('Lidl', '7613100890123', 4.45, '2025-03-03'),
 ('Lidl', '7613100890123', 4.19, '2025-04-02'),
 ('Lidl', '7613100890123', 3.91, '2025-05-02'),
 ('Lidl', '7613100890123', 3.81, '2025-06-01'),
 ('Denner', '7613033300111', 6.85, '2025-02-01'),
 ('Denner', '7613033300111', 6.63, '2025-03-03'),
 ('Denner', '7613033300111', 6.89, '2025-04-02'),
 ('Denner', '7613033300111', 6.93, '2025-05-02'),
 ('Denner', '7613033300111', 6.91, '2025-06-01'),
 ('Coop', '7613033300111', 7.19, '2025-02-01'),
 ('Coop', '7613033300111', 7.37, '2025-03-03'),
 ('Coop', '7613033300111', 7.18, '2025-04-02'),
 ('Coop', '7613033300111', 6.94, '2025-05-02'),
 ('Coop', '7613033300111', 6.9, '2025-06-01'),
 ('Lidl', '7613033300111', 6.97, '2025-02-01'),
 ('Lidl', '7613033300111', 6.95, '2025-03-03'),
 ('Lidl', '7613033300111', 7.09, '2025-04-02'),
 ('Lidl', '7613033300111', 7.19, '2025-05-02'),
 ('Lidl', '7613033300111', 7.48, '2025-06-01'),
 ('Migros', '7613044567890', 7.73, '2025-02-01'),
 ('Migros', '7613044567890', 7.5, '2025-03-03'),
 ('Migros', '7613044567890', 7.31, '2025-04-02'),
 ('Migros', '7613044567890', 7.33, '2025-05-02'),
 ('Migros', '7613044567890', 7.11, '2025-06-01'),
 ('Manor', '7613044567890', 7.36, '2025-02-01'),
 ('Manor', '7613044567890', 7.34, '2025-03-03'),
 ('Manor', '7613044567890', 7.56, '2025-04-02'),
 ('Manor', '7613044567890', 7.31, '2025-05-02'),
 ('Manor', '7613044567890', 7.49, '2025-06-01'),
 ('Aldi', '7613044567890', 7.76, '2025-02-01'),
 ('Aldi', '7613044567890', 7.52, '2025-03-03'),
 ('Aldi', '7613044567890', 7.61, '2025-04-02'),
 ('Aldi', '7613044567890', 7.63, '2025-05-02'),
 ('Aldi', '7613044567890', 7.34, '2025-06-01'),
 ('Migros', '7613111000223', 4.65, '2025-02-01'),
 ('Migros', '7613111000223', 4.87, '2025-03-03'),
 ('Migros', '7613111000223', 5.11, '2025-04-02'),
 ('Migros', '7613111000223', 4.91, '2025-05-02'),
 ('Migros', '7613111000223', 4.61, '2025-06-01'),
 ('Coop', '7613111000223', 4.59, '2025-02-01'),
 ('Coop', '7613111000223', 4.85, '2025-03-03'),
 ('Coop', '7613111000223', 5.02, '2025-04-02'),
 ('Coop', '7613111000223', 4.89, '2025-05-02'),
 ('Coop', '7613111000223', 5.01, '2025-06-01'),
 ('Denner', '7613111000223', 4.8, '2025-02-01'),
 ('Denner', '7613111000223', 4.97, '2025-03-03'),
 ('Denner', '7613111000223', 5.07, '2025-04-02'),
 ('Denner', '7613111000223', 5.06, '2025-05-02'),
 ('Denner', '7613111000223', 4.87, '2025-06-01'),
 ('Coop', '7613300112233', 7.46, '2025-02-01'),
 ('Coop', '7613300112233', 7.51, '2025-03-03'),
 ('Coop', '7613300112233', 7.51, '2025-04-02'),
 ('Coop', '7613300112233', 7.72, '2025-05-02'),
 ('Coop', '7613300112233', 7.51, '2025-06-01'),
 ('Migros', '7613300112233', 8.01, '2025-02-01'),
 ('Migros', '7613300112233', 7.76, '2025-03-03'),
 ('Migros', '7613300112233', 7.57, '2025-04-02'),
 ('Migros', '7613300112233', 7.63, '2025-05-02'),
 ('Migros', '7613300112233', 7.74, '2025-06-01'),
 ('Denner', '7613300112233', 7.57, '2025-02-01'),
 ('Denner', '7613300112233', 7.34, '2025-03-03'),
 ('Denner', '7613300112233', 7.57, '2025-04-02'),
 ('Denner', '7613300112233', 7.42, '2025-05-02'),
 ('Denner', '7613300112233', 7.48, '2025-06-01'),
 ('Denner', '7613000987654', 6.96, '2025-02-01'),
 ('Denner', '7613000987654', 6.85, '2025-03-03'),
 ('Denner', '7613000987654', 6.71, '2025-04-02'),
 ('Denner', '7613000987654', 6.81, '2025-05-02'),
 ('Denner', '7613000987654', 6.7, '2025-06-01'),
 ('Migros', '7613000987654', 6.78, '2025-02-01'),
 ('Migros', '7613000987654', 6.56, '2025-03-03'),
 ('Migros', '7613000987654', 6.65, '2025-04-02'),
 ('Migros', '7613000987654', 6.62, '2025-05-02'),
 ('Migros', '7613000987654', 6.88, '2025-06-01'),
 ('Aldi', '7613000987654', 7.18, '2025-02-01'),
 ('Aldi', '7613000987654', 6.89, '2025-03-03'),
 ('Aldi', '7613000987654', 6.96, '2025-04-02'),
 ('Aldi', '7613000987654', 7.0, '2025-05-02'),
 ('Aldi', '7613000987654', 6.76, '2025-06-01'),
 ('Denner', '7613066111222', 2.1, '2025-02-01'),
 ('Denner', '7613066111222', 1.84, '2025-03-03'),
 ('Denner', '7613066111222', 1.69, '2025-04-02'),
 ('Denner', '7613066111222', 1.56, '2025-05-02'),
 ('Denner', '7613066111222', 1.52, '2025-06-01'),
 ('Coop', '7613066111222', 2.22, '2025-02-01'),
 ('Coop', '7613066111222', 2.1, '2025-03-03'),
 ('Coop', '7613066111222', 2.39, '2025-04-02'),
 ('Coop', '7613066111222', 2.57, '2025-05-02'),
 ('Coop', '7613066111222', 2.59, '2025-06-01'),
 ('Lidl', '7613066111222', 2.29, '2025-02-01'),
 ('Lidl', '7613066111222', 2.32, '2025-03-03'),
 ('Lidl', '7613066111222', 2.58, '2025-04-02'),
 ('Lidl', '7613066111222', 2.34, '2025-05-02'),
 ('Lidl', '7613066111222', 2.57, '2025-06-01'),
 ('Lidl', '7613022123456', 7.47, '2025-02-01'),
 ('Lidl', '7613022123456', 7.34, '2025-03-03'),
 ('Lidl', '7613022123456', 7.17, '2025-04-02'),
 ('Lidl', '7613022123456', 7.08, '2025-05-02'),
 ('Lidl', '7613022123456', 7.19, '2025-06-01'),
 ('Migros', '7613022123456', 7.89, '2025-02-01'),
 ('Migros', '7613022123456', 7.89, '2025-03-03'),
 ('Migros', '7613022123456', 7.74, '2025-04-02'),
 ('Migros', '7613022123456', 7.98, '2025-05-02'),
 ('Migros', '7613022123456', 7.71, '2025-06-01'),
 ('Denner', '7613022123456', 7.76, '2025-02-01'),
 ('Denner', '7613022123456', 7.96, '2025-03-03'),
 ('Denner', '7613022123456', 7.69, '2025-04-02'),
 ('Denner', '7613022123456', 7.59, '2025-05-02'),
 ('Denner', '7613022123456', 7.37, '2025-06-01'),
 ('Lidl', '7613119998877', 5.93, '2025-02-01'),
 ('Lidl', '7613119998877', 5.64, '2025-03-03'),
 ('Lidl', '7613119998877', 5.39, '2025-04-02'),
 ('Lidl', '7613119998877', 5.62, '2025-05-02'),
 ('Lidl', '7613119998877', 5.86, '2025-06-01'),
 ('Coop', '7613119998877', 6.0, '2025-02-01'),
 ('Coop', '7613119998877', 6.2, '2025-03-03'),
 ('Coop', '7613119998877', 6.25, '2025-04-02'),
 ('Coop', '7613119998877', 6.04, '2025-05-02'),
 ('Coop', '7613119998877', 5.82, '2025-06-01'),
 ('Aldi', '7613119998877', 5.85, '2025-02-01'),
 ('Aldi', '7613119998877', 6.09, '2025-03-03'),
 ('Aldi', '7613119998877', 6.27, '2025-04-02'),
 ('Aldi', '7613119998877', 6.49, '2025-05-02'),
 ('Aldi', '7613119998877', 6.73, '2025-06-01'),
 ('Coop', '7613000654321', 4.22, '2025-02-01'),
 ('Coop', '7613000654321', 4.44, '2025-03-03'),
 ('Coop', '7613000654321', 4.72, '2025-04-02'),
 ('Coop', '7613000654321', 4.87, '2025-05-02'),
 ('Coop', '7613000654321', 5.13, '2025-06-01'),
 ('Manor', '7613000654321', 4.02, '2025-02-01'),
 ('Manor', '7613000654321', 3.82, '2025-03-03'),
 ('Manor', '7613000654321', 4.0, '2025-04-02'),
 ('Manor', '7613000654321', 3.81, '2025-05-02'),
 ('Manor', '7613000654321', 3.76, '2025-06-01'),
 ('Migros', '7613000654321', 3.99, '2025-02-01'),
 ('Migros', '7613000654321', 4.24, '2025-03-03'),
 ('Migros', '7613000654321', 4.41, '2025-04-02'),
 ('Migros', '7613000654321', 4.36, '2025-05-02'),
 ('Migros', '7613000654321', 4.46, '2025-06-01'),
 ('Manor', '7613344000123', 2.55, '2025-02-01'),
 ('Manor', '7613344000123', 2.48, '2025-03-03'),
 ('Manor', '7613344000123', 2.2, '2025-04-02'),
 ('Manor', '7613344000123', 2.18, '2025-05-02'),
 ('Manor', '7613344000123', 2.0, '2025-06-01'),
 ('Coop', '7613344000123', 2.68, '2025-02-01'),
 ('Coop', '7613344000123', 2.59, '2025-03-03'),
 ('Coop', '7613344000123', 2.78, '2025-04-02'),
 ('Coop', '7613344000123', 3.0, '2025-05-02'),
 ('Coop', '7613344000123', 2.83, '2025-06-01'),
 ('Lidl', '7613344000123', 2.53, '2025-02-01'),
 ('Lidl', '7613344000123', 2.47, '2025-03-03'),
 ('Lidl', '7613344000123', 2.34, '2025-04-02'),
 ('Lidl', '7613344000123', 2.08, '2025-05-02'),
 ('Lidl', '7613344000123', 2.24, '2025-06-01'),
 ('Lidl', '7613333000112', 7.33, '2025-02-01'),
 ('Lidl', '7613333000112', 7.23, '2025-03-03'),
 ('Lidl', '7613333000112', 6.95, '2025-04-02'),
 ('Lidl', '7613333000112', 7.18, '2025-05-02'),
 ('Lidl', '7613333000112', 7.04, '2025-06-01'),
 ('Denner', '7613333000112', 7.17, '2025-02-01'),
 ('Denner', '7613333000112', 7.46, '2025-03-03'),
 ('Denner', '7613333000112', 7.18, '2025-04-02'),
 ('Denner', '7613333000112', 7.24, '2025-05-02'),
 ('Denner', '7613333000112', 7.15, '2025-06-01'),
 ('Aldi', '7613333000112', 7.29, '2025-02-01'),
 ('Aldi', '7613333000112', 7.25, '2025-03-03'),
 ('Aldi', '7613333000112', 7.54, '2025-04-02'),
 ('Aldi', '7613333000112', 7.31, '2025-05-02'),
 ('Aldi', '7613333000112', 7.55, '2025-06-01'),
 ('Coop', '7613222999988', 7.08, '2025-02-01'),
 ('Coop', '7613222999988', 7.34, '2025-03-03'),
 ('Coop', '7613222999988', 7.36, '2025-04-02'),
 ('Coop', '7613222999988', 7.49, '2025-05-02'),
 ('Coop', '7613222999988', 7.64, '2025-06-01'),
 ('Lidl', '7613222999988', 7.48, '2025-02-01'),
 ('Lidl', '7613222999988', 7.4, '2025-03-03'),
 ('Lidl', '7613222999988', 7.14, '2025-04-02'),
 ('Lidl', '7613222999988', 7.24, '2025-05-02'),
 ('Lidl', '7613222999988', 7.14, '2025-06-01'),
 ('Migros', '7613222999988', 7.27, '2025-02-01'),
 ('Migros', '7613222999988', 7.48, '2025-03-03'),
 ('Migros', '7613222999988', 7.61, '2025-04-02'),
 ('Migros', '7613222999988', 7.49, '2025-05-02'),
 ('Migros', '7613222999988', 7.38, '2025-06-01'),
 ('Aldi', '7613011122334', 7.3, '2025-02-01'),
 ('Aldi', '7613011122334', 7.12, '2025-03-03'),
 ('Aldi', '7613011122334', 7.22, '2025-04-02'),
 ('Aldi', '7613011122334', 7.15, '2025-05-02'),
 ('Aldi', '7613011122334', 7.3, '2025-06-01'),
 ('Lidl', '7613011122334', 7.07, '2025-02-01'),
 ('Lidl', '7613011122334', 7.11, '2025-03-03'),
 ('Lidl', '7613011122334', 7.05, '2025-04-02'),
 ('Lidl', '7613011122334', 7.25, '2025-05-02'),
 ('Lidl', '7613011122334', 7.13, '2025-06-01'),
 ('Manor', '7613011122334', 7.1, '2025-02-01'),
 ('Manor', '7613011122334', 7.27, '2025-03-03'),
 ('Manor', '7613011122334', 7.33, '2025-04-02'),
 ('Manor', '7613011122334', 7.22, '2025-05-02'),
 ('Manor', '7613011122334', 7.19, '2025-06-01'),
 ('Manor', '7613456000123', 8.42, '2025-02-01'),
 ('Manor', '7613456000123', 8.56, '2025-03-03'),
 ('Manor', '7613456000123', 8.66, '2025-04-02'),
 ('Manor', '7613456000123', 8.53, '2025-05-02'),
 ('Manor', '7613456000123', 8.63, '2025-06-01'),
 ('Coop', '7613456000123', 8.21, '2025-02-01'),
 ('Coop', '7613456000123', 7.97, '2025-03-03'),
 ('Coop', '7613456000123', 8.24, '2025-04-02'),
 ('Coop', '7613456000123', 8.08, '2025-05-02'),
 ('Coop', '7613456000123', 7.97, '2025-06-01'),
 ('Aldi', '7613456000123', 8.32, '2025-02-01'),
 ('Aldi', '7613456000123', 8.11, '2025-03-03'),
 ('Aldi', '7613456000123', 7.84, '2025-04-02'),
 ('Aldi', '7613456000123', 8.13, '2025-05-02'),
 ('Aldi', '7613456000123', 8.2, '2025-06-01'),
 ('Migros', '7613500998876', 9.03, '2025-02-01'),
 ('Migros', '7613500998876', 9.16, '2025-03-03'),
 ('Migros', '7613500998876', 9.09, '2025-04-02'),
 ('Migros', '7613500998876', 9.03, '2025-05-02'),
 ('Migros', '7613500998876', 8.82, '2025-06-01'),
 ('Aldi', '7613500998876', 9.09, '2025-02-01'),
 ('Aldi', '7613500998876', 9.33, '2025-03-03'),
 ('Aldi', '7613500998876', 9.55, '2025-04-02'),
 ('Aldi', '7613500998876', 9.78, '2025-05-02'),
 ('Aldi', '7613500998876', 9.95, '2025-06-01'),
 ('Denner', '7613500998876', 8.81, '2025-02-01'),
 ('Denner', '7613500998876', 8.99, '2025-03-03'),
 ('Denner', '7613500998876', 9.11, '2025-04-02'),
 ('Denner', '7613500998876', 9.09, '2025-05-02'),
 ('Denner', '7613500998876', 9.12, '2025-06-01'),
 ('Migros', '7613600112234', 8.31, '2025-02-01'),
 ('Migros', '7613600112234', 8.6, '2025-03-03'),
 ('Migros', '7613600112234', 8.66, '2025-04-02'),
 ('Migros', '7613600112234', 8.93, '2025-05-02'),
 ('Migros', '7613600112234', 9.16, '2025-06-01'),
 ('Aldi', '7613600112234', 8.28, '2025-02-01'),
 ('Aldi', '7613600112234', 8.41, '2025-03-03'),
 ('Aldi', '7613600112234', 8.41, '2025-04-02'),
 ('Aldi', '7613600112234', 8.61, '2025-05-02'),
 ('Aldi', '7613600112234', 8.64, '2025-06-01'),
 ('Coop', '7613600112234', 8.45, '2025-02-01'),
 ('Coop', '7613600112234', 8.6, '2025-03-03'),
 ('Coop', '7613600112234', 8.58, '2025-04-02'),
 ('Coop', '7613600112234', 8.44, '2025-05-02'),
 ('Coop', '7613600112234', 8.29, '2025-06-01'),
 ('Manor', '7613700223345', 6.5, '2025-02-01'),
 ('Manor', '7613700223345', 6.25, '2025-03-03'),
 ('Manor', '7613700223345', 6.12, '2025-04-02'),
 ('Manor', '7613700223345', 5.98, '2025-05-02'),
 ('Manor', '7613700223345', 5.87, '2025-06-01'),
 ('Lidl', '7613700223345', 6.66, '2025-02-01'),
 ('Lidl', '7613700223345', 6.44, '2025-03-03'),
 ('Lidl', '7613700223345', 6.28, '2025-04-02'),
 ('Lidl', '7613700223345', 6.4, '2025-05-02'),
 ('Lidl', '7613700223345', 6.52, '2025-06-01'),
 ('Aldi', '7613700223345', 6.38, '2025-02-01'),
 ('Aldi', '7613700223345', 6.32, '2025-03-03'),
 ('Aldi', '7613700223345', 6.35, '2025-04-02'),
 ('Aldi', '7613700223345', 6.3, '2025-05-02'),
 ('Aldi', '7613700223345', 6.12, '2025-06-01'),
 ('Aldi', '7613800334455', 8.87, '2025-02-01'),
 ('Aldi', '7613800334455', 8.8, '2025-03-03'),
 ('Aldi', '7613800334455', 8.5, '2025-04-02'),
 ('Aldi', '7613800334455', 8.41, '2025-05-02'),
 ('Aldi', '7613800334455', 8.56, '2025-06-01'),
 ('Manor', '7613800334455', 8.92, '2025-02-01'),
 ('Manor', '7613800334455', 9.19, '2025-03-03'),
 ('Manor', '7613800334455', 9.14, '2025-04-02'),
 ('Manor', '7613800334455', 9.29, '2025-05-02'),
 ('Manor', '7613800334455', 9.32, '2025-06-01'),
 ('Migros', '7613800334455', 8.77, '2025-02-01'),
 ('Migros', '7613800334455', 8.6, '2025-03-03'),
 ('Migros', '7613800334455', 8.43, '2025-04-02'),
 ('Migros', '7613800334455', 8.39, '2025-05-02'),
 ('Migros', '7613800334455', 8.11, '2025-06-01'),
 ('Lidl', '7613900445566', 8.81, '2025-02-01'),
 ('Lidl', '7613900445566', 9.1, '2025-03-03'),
 ('Lidl', '7613900445566', 9.12, '2025-04-02'),
 ('Lidl', '7613900445566', 9.36, '2025-05-02'),
 ('Lidl', '7613900445566', 9.42, '2025-06-01'),
 ('Aldi', '7613900445566', 8.66, '2025-02-01'),
 ('Aldi', '7613900445566', 8.41, '2025-03-03'),
 ('Aldi', '7613900445566', 8.37, '2025-04-02'),
 ('Aldi', '7613900445566', 8.59, '2025-05-02'),
 ('Aldi', '7613900445566', 8.4, '2025-06-01'),
 ('Coop', '7613900445566', 8.42, '2025-02-01'),
 ('Coop', '7613900445566', 8.32, '2025-03-03'),
 ('Coop', '7613900445566', 8.29, '2025-04-02'),
 ('Coop', '7613900445566', 8.19, '2025-05-02'),
 ('Coop', '7613900445566', 8.42, '2025-06-01'),
 ('Lidl', '7614000556677', 8.49, '2025-02-01'),
 ('Lidl', '7614000556677', 8.64, '2025-03-03'),
 ('Lidl', '7614000556677', 8.37, '2025-04-02'),
 ('Lidl', '7614000556677', 8.64, '2025-05-02'),
 ('Lidl', '7614000556677', 8.47, '2025-06-01'),
 ('Aldi', '7614000556677', 8.25, '2025-02-01'),
 ('Aldi', '7614000556677', 8.52, '2025-03-03'),
 ('Aldi', '7614000556677', 8.24, '2025-04-02'),
 ('Aldi', '7614000556677', 7.96, '2025-05-02'),
 ('Aldi', '7614000556677', 7.81, '2025-06-01'),
 ('Manor', '7614000556677', 8.71, '2025-02-01'),
 ('Manor', '7614000556677', 8.78, '2025-03-03'),
 ('Manor', '7614000556677', 8.62, '2025-04-02'),
 ('Manor', '7614000556677', 8.6, '2025-05-02'),
 ('Manor', '7614000556677', 8.37, '2025-06-01'),
 ('Coop', '7614100667788', 7.7, '2025-02-01'),
 ('Coop', '7614100667788', 7.76, '2025-03-03'),
 ('Coop', '7614100667788', 7.91, '2025-04-02'),
 ('Coop', '7614100667788', 7.68, '2025-05-02'),
 ('Coop', '7614100667788', 7.87, '2025-06-01'),
 ('Aldi', '7614100667788', 8.18, '2025-02-01'),
 ('Aldi', '7614100667788', 7.94, '2025-03-03'),
 ('Aldi', '7614100667788', 7.66, '2025-04-02'),
 ('Aldi', '7614100667788', 7.55, '2025-05-02'),
 ('Aldi', '7614100667788', 7.66, '2025-06-01'),
 ('Lidl', '7614100667788', 8.17, '2025-02-01'),
 ('Lidl', '7614100667788', 8.11, '2025-03-03'),
 ('Lidl', '7614100667788', 8.24, '2025-04-02'),
 ('Lidl', '7614100667788', 7.99, '2025-05-02'),
 ('Lidl', '7614100667788', 8.1, '2025-06-01');
